-- phpMyAdmin SQL Dump
-- version 4.5.1
-- http://www.phpmyadmin.net
--
-- Host: 127.0.0.1
-- Generation Time: Jun 12, 2016 at 06:15 AM
-- Server version: 10.1.13-MariaDB
-- PHP Version: 7.0.6

SET SQL_MODE = "NO_AUTO_VALUE_ON_ZERO";
SET time_zone = "+00:00";


/*!40101 SET @OLD_CHARACTER_SET_CLIENT=@@CHARACTER_SET_CLIENT */;
/*!40101 SET @OLD_CHARACTER_SET_RESULTS=@@CHARACTER_SET_RESULTS */;
/*!40101 SET @OLD_COLLATION_CONNECTION=@@COLLATION_CONNECTION */;
/*!40101 SET NAMES utf8mb4 */;

--
-- Database: `bnews`
--

-- --------------------------------------------------------

--
-- Table structure for table `category`
--

CREATE TABLE `category` (
  `id_cat` int(255) NOT NULL,
  `name` varchar(120) COLLATE utf8_unicode_ci NOT NULL
) ENGINE=InnoDB DEFAULT CHARSET=utf8 COLLATE=utf8_unicode_ci;

--
-- Dumping data for table `category`
--

INSERT INTO `category` (`id_cat`, `name`) VALUES
(1, 'Góc nhìn'),
(2, 'Thế giới'),
(3, 'Kinh doanh'),
(4, 'Giáo dục'),
(9, 'Thời sự');

-- --------------------------------------------------------

--
-- Table structure for table `news`
--

CREATE TABLE `news` (
  `id_news` int(255) NOT NULL,
  `name` varchar(200) COLLATE utf8_unicode_ci NOT NULL,
  `preview_text` text COLLATE utf8_unicode_ci NOT NULL,
  `detail_text` text COLLATE utf8_unicode_ci,
  `id_cat` int(255) NOT NULL,
  `picture` varchar(120) COLLATE utf8_unicode_ci NOT NULL
) ENGINE=InnoDB DEFAULT CHARSET=utf8 COLLATE=utf8_unicode_ci;

--
-- Dumping data for table `news`
--

INSERT INTO `news` (`id_news`, `name`, `preview_text`, `detail_text`, `id_cat`, `picture`) VALUES
(1, 'Nhóm phượt ''cứu người được khen thưởng''', 'Sáng 6/9, Ủy ban An toàn giao thông quốc gia cùng Trung ương Đoàn TNCS Hồ Chí Minh tặng bằng khen cho đoàn phượt Phong Vân vì tham gia cứu hàng chục nạn nhân vụ xe khách Sao Việt lao xuống vực tại dốc Tòng Sành (Bát Xát, Lào Cai).', '<p>Tại buổi trao tặng, Bộ trưởng Giao thông vận tải Đinh La Thăng cảm ơn đoàn phượt không ngại trời tối, vực sâu, là những người đầu tiên đưa hàng chục nạn nhân lên khỏi vực. "Tôi đánh giá cao tấm lòng và sự dũng cảm của các bạn, không quản hiểm nguy tham gia cứu hộ. Chính vì vậy mới giảm được thương vong", Bộ trưởng Thăng nói. Ngoài bằng khen, nhóm được thưởng 12 triệu đồng và 16 chiếc mũ bảo hiểm cùng lời dặn "đi phượt thì an toàn phải là số một". Số tiền thưởng 500.000 đồng mỗi cá nhân trước đó từ Thành đoàn Hà Nội đã được Phong Vân ủng hộ lại cho quỹ từ thiện của Thành đoàn.</p>\r\n', 2, 'vne-117758385198021.jpg'),
(2, '2 nhà máy vàng đóng cửa chưa có phương án trả nợ thuế', '2 nhà máy vàng đóng cửa chưa có phương án trả nợ thuế2 nhà máy vàng đóng cửa chưa có phương án trả nợ thuế', '<p>2 nhà máy vàng đóng cửa chưa có phương án trả nợ thuế2 nhà máy vàng đóng cửa chưa có phương án trả nợ thuế2 nhà máy vàng đóng cửa chưa có phương án trả nợ thuế2 nhà máy vàng đóng cửa chưa có phương án trả nợ thuế2 nhà máy vàng đóng cửa chưa có phương án trả nợ thuế2 nhà máy vàng đóng cửa chưa có phương án trả nợ thuế</p>\r\n', 4, 'vne-117899008394255.jpg'),
(3, 'Ước gì con tôi không phải đi du học', 'Tôi ra sân bay Tân Sơn Nhất tiễn con đi Mỹ du học vào năm ngoái mà lòng nặng trĩu nỗi buồn. Sân bay đông nghẹt. Nhìn những em bé chỉ 15, 16 tuổi như con tôi một mình đẩy hành lý vào làm thủ tục ở sân bay mà rớt nước mắt.', 'Chuyến bay kéo dài 24 giờ đồng hồ, bao gồm cả transit ở Nhật Bản. Gia đình tôi chỉ còn biết cầu trời khấn Phật để mong bình an. Và tôi cũng như biết bao gia đình phải chờ đợi một năm học thì con mới về nghỉ hè. Không có gì có thể tả hết nỗi khổ của những người làm cha mẹ xa con. Cũng không có gì có thể nói hết về sự gian nan vất vả khi cha mẹ lao động cực nhọc kiếm tiền học phí cho con đi du học. Bởi cho một đứa con đi học xa nhà cần cả một tinh thần thép và một khả năng tài chính đủ mạnh. Cũng như chính đứa bé đó muốn thành công cũng phải vượt qua những thách thức không dễ dàng ở nơi chúng chưa bao giờ biết đến, trong môi trường học tập và cạnh tranh quốc tế.\r\n\r\nNhưng vì sao gia đình tôi và biết bao gia đình khác đã lựa chọn con đường này? Có lẽ vì chúng tôi muốn thoát ra khỏi nỗi lo lắng và buồn bực đã nặng trĩu trong lòng nhiều năm qua.', 2, 'vne-117815228229762.jpg'),
(4, 'Đầu tư cho giới trẻ', 'Chắc hẳn nhiều bạn còn nhớ năm 2003, Việt Nam đoạt chức vô địch Sea Games 22 với 158 huy chương vàng, bứt xa Á quân Thái Lan với 90 huy chương vàng.', 'Dường như mọi người đều nghĩ rằng, nếu chỉ trong một thời gian ngắn mà Việt Nam từ một vị trí khiêm tốn đã tiến lên nắm chức vô địch thể thao trong vùng thì chắc hẳn rồi đây chúng ta cũng có thể tạo được nhiều “phép lạ” khác. Điển hình nhất là có vài người bạn Singapore lúc ấy đã hỏi tôi rằng: “Liệu trong vòng 10 năm nữa Việt Nam có thể vượt qua Thái Lan được không?”.\r\n\r\nKhi so sánh mức độ phát triển kinh tế thì thước đo thường được dùng nhất là con số “Thu nhập bình quân đầu người” (lấy tổng sản lượng quốc nội GDP, chia cho dân số một nước). Theo thống kê của The Economist thì trong vòng 7 năm từ 1995 đến 2002, Việt Nam là nước đã tiến nhanh nhất khi từ vị trí 151 lên đến 128 (tăng 23 bậc), trong khi Thái Lan lại tụt từ 69 xuống 84 (giảm 15 bậc). Như vậy là trong vòng 7 năm từ 1995 đến 2002, khoảng cách giữa Việt Nam và Thái Lan đã thu ngắn 38 bậc và nếu tiếp tục cái đà rút ngắn 5 bậc mỗi năm này thì phải chăng chỉ cần 8 năm, nghĩa là đến 2010 thì kinh tế Việt Nam sẽ bắt kịp Thái Lan? Thực ra vấn đề không hề đơn giản như vậy vì nhiều lý do mà trước hết lúc bấy giờ Việt Nam và Trung Quốc chưa “nối mạng” với kinh tế thế giới nên đã không bị ảnh hưởng nặng bởi cuộc khủng hoảng tài chính 1997-1999 như các nước khác. \r\n\r\nThấm thoắt mười năm đã trôi qua từ SEA Games 22 và hiện tại thì kết quả cuộc chạy đua kinh tế ấy ra sao rồi? Theo thống kê của IMF năm 2013 thì VN được xếp hạng 134 và Thái Lan 92. Như thế có nghĩa là trong vòng 10 năm qua thì cả hai nước đều… đi thụt lùi: VN từ 128 xuống 134 (giảm 6 bậc) và Thái Lan từ 84 xuống 92 (giảm 8 bậc).\r\n\r\nTrong bối cảnh hội nhập hiện tại, khi nền kinh tế Việt Nam ngày càng gắn liền hơn với kinh tế toàn cầu, quả thật là chúng ta đã và sẽ không thể tránh được ảnh hưởng của những cú “sốc” kinh tế toàn cầu, như cuộc khủng hoảng 2008 vừa qua mà ảnh hưởng vẫn còn dai dẳng cho đến hôm nay.', 2, 'vne-117835440869113.jpg'),
(5, 'Mỹ hoài nghi về lệnh ngừng bắn ở Ukraine', 'Tổng thống Mỹ Barack Obama hôm qua nghi ngờ về lệnh ngừng bắn mới ở Ukraine và hứa hẹn về một lệnh trừng phạt mới để tiếp tục gây áp lực đối với Nga. ', '<p>"Chúng tôi hy vọng, nhưng dựa trên những kinh nghiệm trong quá khứ, chúng tôi cũng hoài nghi về việc liệu phe ly khai có thực sự tuân thủ, và liệu Nga sẽ chấm dứt xâm phạm chủ quyền và toàn vẹn lãnh thổ Ukraine hay không", USA Today dẫn lời ông Obama hôm qua nói tại Wales, Anh. "Điều đó cần được kiểm tra". Để duy trì áp lực của phương Tây, ông Obama cho biết Mỹ và châu Âu đang hoàn tất các biện pháp "nhằm mở rộng và tăng cường trừng phạt đối với các ngành ngân hàng, năng lượng và quốc phòng Nga". Những lệnh trừng phạt mới này có thể được dỡ bỏ nếu lệnh ngừng bắn và một thỏa thuận hòa bình thực sự có tác dụng chấm dứt chiến sự giữa quân đội Ukraine và phe ly khai thân Nga. Tổng thống Mỹ cũng khen ngợi sự cứng rắn của liên minh phương Tây khi đối đầu với Nga, trong đó có việc thành lập lực lượng phản ứng nhanh để bảo vệ các nước thành viên NATO ở Đông Âu. Ông cho rằng nó thể hiện nguyên tắc "các nước lớn không thể dậm chân lên các nước nhỏ". Trong khi đó, Nga hôm qua cũng hoan nghênh việc ký kết thỏa thuận ngừng bắn. "Moscow hy vọng tất cả các điều kiện trong văn bản và các thỏa thuận đạt được sẽ được các bên tuân thủ triệt để, và quá trình đàm phán sẽ tiếp tục cho tới khi cuộc khủng hoảng ở Ukraine được giải quyết đầy đủ", ông Dmitry Peskov, phát ngôn viên của Tổng thống Nga Vladimir Putin, nói. Ông Peskov cũng nhấn mạnh thỏa thuận là kết quả của sáng kiến do ông Putin và người đồng cấp Ukraine Petro Poroshenko đề xuất. Moscow bác bỏ việc tham chiến ở Ukraine, nhưng Kiev và NATO cho rằng quân thường trực cũng như xe tăng Nga đang chiến đấu cùng lực lượng ly khai ở đông Ukraine. Thỏa thuận ngừng bắn có điều kiện hôm qua được ký kết tại Minsk, Belarus và có hiệu lực từ 18h. Sự kiện có sự tham gia của Ukraine, Nga, phe ly khai thân Nga và Tổ chức Hợp tác và An ninh châu Âu (OSCE).</p>\r\n', 3, 'vne-117858150431110.jpg'),
(6, 'Mỹ hối thúc NATO tiêu diệt Nhà nước Hồi giáo', 'Hôm qua, Mỹ tuyên bố tiêu diệt ba thành viên cấp cao của Nhà nước Hồi giáo trong một cuộc không kích của Mỹ ở Iraq.', 'Theo AFP, ông Obama tin rằng một liên minh chống lại Nhà nước Hồi giáo tự xưng (IS) đã được thành lập, sau cuộc họp thượng đỉnh Tổ chức Hiệp ước Bắc Đại Tây Dương (NATO) hôm qua. \r\n\r\n"Tôi không thấy sự phản đối hay thoái lui nào về việc chúng ta có vai trò trọng yếu trong việc cản bước tổ chức tàn bạo này, chúng đang gây hỗn loạn trong khu vực và gây hại đến quá nhiều người. Chúng cũng gây nên mối đe dọa dài hạn tới an toàn và an ninh của các thành viên NATO. Vì thế chúng ta phải hành động để làm suy yếu và cuối cùng tiêu diệt được Nhà nước Hồi giáo tự xưng", AP dẫn lời ông Obama nói trong phiên kết thúc hội nghị.\r\n\r\nTrong họp báo sau đó, ông Obama cho hay các thành viên NATO đang sẵn sàng cùng tham dự chiến dịch quân sự của Mỹ ở Iraq để truy đuổi phiến quân Hồi giáo. Trong vài tuần gần đây, Mỹ thực hiện hơn 100 cuộc không kích ở phía bắc Iraq, giúp các lực lượng chính phủ Iraq và Kurd giành lại các khu vực bị phiến quân chiếm giữ. Mỹ cũng bày tỏ hy vọng một chính phủ mới của Iraq sẽ được thiết lập trong tuần tới.\r\n\r\nTuy nhiên các đối tác châu Âu tỏ vẻ thận trọng. Anh, nước được cho là có đông công dân đứng trong hàng ngũ IS, để ngỏ khả năng không kích ở Iraq. Tuy nhiên Thủ tướng Anh David Cameron không nêu cao việc có hành động ngay lập tức. "Điều này cần thời gian, kiên nhẫn và quyết tâm", ông nói. \r\n\r\nTổng thống Pháp Francois Hollande cho hay nước này sẵn sàng tham gia liên minh với Mỹ chống lại phiến quân ở Iraq, với điều kiện sự tham gia của Pháp không có lợi cho chính quyền của Tổng thống Bashar al- Assad.\r\n\r\nNgoại trưởng Đức Frank-Walter Steinmeier nhấn mạnh nỗ lực chống phiến quân Hồi giáo đang ở giai đoạn đầu, chưa có chiến lược dài hạn.\r\n\r\nTổng thư ký NATO Anders Fogh Rasmussen cho biết liên minh quân sự sẵn sàng trợ giúp nếu có yêu cầu từ Baghdad, như là hỗ trợ huấn luyện và hợp tác với các nước chống lại IS. Các nước NATO cũng nhất trí trao đổi thêm thông tin về các chiến binh nước ngoài có thể trở về châu Âu hoặc Mỹ để thực hiện các cuộc tấn công khủng bố tại quê nhà.\r\n\r\nHôm qua, Ngoại trưởng Mỹ John Kerry cũng họp với những người đồng cấp đến từ Australia, Canada, Đan Mạch, Pháp, Đức, Italy, Ba Lan và Thổ Nhĩ Kỳ nhằm kêu gọi hỗ trợ trong cuộc chiến chống lại Nhà nước Hồi giáo. Ông Kerry sẽ tới Trung Đông tuần tới với dự tính mở rộng liên minh bên ngoài các nước phương Tây. Các quan chức Mỹ cho biết thêm Washington sẽ nêu kế hoạch cụ thể tại cuộc họp Đại hội đồng Liên Hợp Quốc vào cuối tháng này.\r\n\r\nHôm qua, Mỹ tuyên bố tiêu diệt ba thành viên cấp cao của Nhà nước Hồi giáo trong một cuộc không kích của Mỹ ở Iraq.', 3, 'vne-117876085469079.jpg'),
(7, 'Về quê ăn Tết Đoan Ngọ, cả nhà 4 người chết thảm dưới gầm xe tải ', 'Vụ tai nạn nghiêm trọng xảy ra trên quốc lộ 24B đoạn tại Km 18+100 thuộc thôn Hóc Kè (xã Ba Động, huyện Ba Tơ), vào 17h30 ngày 19/6, đã cướp đi sinh mạng của cả 1 gia đình. \r\n', '<p><span style="color:rgb(0, 0, 0); font-family:arial; font-size:12px">Vụ tai nạn nghiêm trọng xảy ra trên quốc lộ 24B đoạn tại Km 18+100 thuộc thôn Hóc Kè (xã Ba Động, huyện Ba Tơ), vào 17h30 ngày 19/6, đã cướp đi sinh mạng của cả 1 gia đình. Vào thời điểm trên, xe tải chở keo mang BKS 76K-5057 do tài xế Lê Trần Thanh Bình (SN 1986, ngụ TP Quảng Ngãi) điều khiển, đã tông vào xe máy mang BKS 76K-0220 do anh Lê Văn Diệp (36 tuổi) chở theo vợ là chị Trần Việt Nhật (30 tuổi) cùng 2 con nhỏ Lê Trần Trâm Anh (7 tuổi) và Lê Quốc Thái (4 tuổi). Ngay sau cú tông, vợ chồng anh Diệp và chị Nhật tử vong tại chỗ, 2 cháu nhỏ được đưa đi cấp cứu tại Bệnh viện ĐK Quảng Ngãi nhưng cũng không qua khỏi. </span><br />\r\n </p>\r\n', 1, 'vne-115163164759683.jpg'),
(8, 'Giá xăng bất ngờ tăng thêm gần 300 đồng từ 15h ', 'Từ 15h ngày hôm nay (19/6), giá xăng tăng thêm gần 300 đồng. Các loại dầu giảm nhẹ.\r\n\r\n', '<p><span style="color:rgb(0, 0, 0); font-family:arial; font-size:12px">Từ 15h ngày hôm nay (19/6), giá xăng tăng thêm gần 300 đồng. Các loại dầu giảm nhẹ. Liên Bộ Công Thương – Tài chính vừa yêu cầu các doanh nghiệp xăng dầu điều chỉnh giá các mặt hàng nhiên liệu. Theo đó, giá bán lẻ xăng RON 92, RON 95, E5 trong nước sẽ tăng thêm 280 đồng mỗi lít. Các loại dầu giảm nhẹ. Giá dầu diesel giảm 287 đồng/lít, dầu hỏa giảm 275 đồng/lít. Thời điểm áp dụng là 15h hôm nay (19/6). Theo văn bản của Bộ Công Thương, giá bán lẻ xăng RON 92 sẽ không cao hơn 20.711 đồng/lít. Giá xăng E5 không cao hơn 20.381 đồng/lít. Dầu diesel 0.05 S, dầu hỏa, dầu mazút 3.5S sẽ có giá lần lượt không cao hơn các mức 16.077 đồng/lít, 15.099 đồng/lít và 12.730 đồng/kg.\\ Bảng giá xăng dầu có hiệu lực từ 15h ngày 19/6. Ảnh: Petrolimex. Cơ quan điều hành không thay đổi trong việc sử dụng Quỹ bình ổn với xăng. Mức trích lập cũng như chi sử dụng Quỹ bình ổn cho các mặt hàng xăng khoáng không thay đổi, giảm 98 đồng/kg với dầu mazut, xuống mức 0 đồng. Từ đầu năm đến nay, giá xăng đã có 5 lần điều chỉnh với 4 lần tăng, 1 lần giảm. Thời gian qua, một số ý kiến trái chiều liên quan đến Quỹ bình ổn đã xuất hiện. Cơ quan điều hành khẳng định, việc duy trì quỹ sẽ giúp đảm bảo quyền lợi người tiêu dùng. Trong khi đó, TS Nguyễn Minh Phong thuộc Viện Nghiên cứu phát triển kinh tế xã hội lại cho rằng “nên dẹp Quỹ bình ổn”. Theo vị này, sự tồn tại của quỹ “chỉ gây nghi vấn thiếu minh bạch trong cách sử dụng”. Yếu tố điều hành có ảnh hưởng lớn tới việc tăng hay giảm của giá xăng. Ảnh: Hoàng Anh. Còn theo PGS.TS Ngô Trí Long – nguyên Viện trưởng Viện Nghiên cứu giá cả (Bộ Tài chính) dự đoán, yếu tố chính quyết định sự tăng hay giảm của giá bán lẻ xăng dầu là do cách điều hành. Theo ông Long, việc dư luận liên tục nhắc tới chủ đề thuế bảo vệ môi trường làm tăng giá xăng có thể sẽ tác động tới vấn đề điều hành mặt </span><br />\r\n<br />\r\n </p>\r\n', 1, 'vne-115190172798506.jpg'),
(9, 'Xe cẩu bể ống, hàng chục lít dầu đổ loang con đường phố cổ Hội An  ', 'Một sự cố giao thông đã xảy ra vào sáng nay 18.6, khi chiếc xe cẩu đang di chuyển trên đường thì bỗng nhiên bị bể ống dầu, khiến hàng chục lít dầu đổ tràn ra đường kéo dài hơn…\r\n', '<p><span style="color:rgb(0, 0, 0); font-family:arial; font-size:12px">Một sự cố giao thông đã xảy ra vào sáng nay 18.6, khi chiếc xe cẩu đang di chuyển trên đường thì bỗng nhiên bị bể ống dầu, khiến hàng chục lít dầu đổ tràn ra đường kéo dài hơn 1km trên cả một con đường tại phố cổ Hội An. Thông tin ban đầu, vào khoảng 8h sáng nay 18.6, một chiếc xe cẩu cỡ nhỏ đang di chuyển trên đường Hai Bà Trưng, sắp rẽ qua đường Bà Triệu, TP. Hội An, tỉnh Quảng Nam thì bất ngờ bị bể ống dầu.</span><br />\r\n<br />\r\n </p>\r\n', 1, 'vne-117500686962327.jpg'),
(10, 'Bí mật ít người biết khiến bàn là con gà sốt tiền tỷ  ', 'Chiếc bàn là con gà đang được giới sưu tầm săn lùng, trả giá cả tỷ đồng. Bí mật bất ngờ nằm ở chất liệu đồng lạnh của món đồ này.\r\n\r\n', '<p><span style="color:rgb(0, 0, 0); font-family:arial; font-size:12px">Chiếc bàn là con gà đang được giới sưu tầm săn lùng, trả giá cả tỷ đồng. Bí mật bất ngờ nằm ở chất liệu đồng lạnh của món đồ này. Trên thị trường, việc sưu tầm, thu mua bàn là con gà vẫn chưa có dấu hiệu hạ nhiệt. Nhiều năm trước đây, không ít thương lái, dân sưu tầm cũng lùng sục tìm mua món đồ này. Mức giá cho những chiếc bàn là cổ lỗ sĩ này lên tới hàng chục, hàng trăm triệu đồng. Tuy nhiên, gần đây, cơn sốt mua bàn là con gà lại tiếp tục gây xôn xao vì mức giá cho món đồ này đã lên tới cả tỷ, thậm chí chục tỷ đồng. Trong đó, loại bàn là con gà được các lái thương tìm mua là loại bàn là than có khóa con gà bằng đồng. Mỗi bên bàn là có 12 lỗ thông hơi tròn, tổng cộng 2 bên là 24 lỗ. Điều kiện để các lái thương “ngó” đến chiếc bàn là cổ lỗ này chính là chiếc khóa trên bàn là hình con gà phải làm bằng đồng lạnh. Tùy theo cân nặng của chiếc khóa này mà mức giá thu mua sẽ khác nhau.</span><br />\r\n<br />\r\n<span style="color:rgb(0, 0, 0); font-family:arial; font-size:12px">Đồng lạnh là một loại vật liệu được dân sưu tầm đồ cổ thường xuyên đăng tin tìm mua. Trong đó, các tin đăng tải thu mua đồng lạnh đều đi kèm những tiêu chuẩn, dấu hiệu nhận biết đồng lạnh đáng giá. Như phải nặng so với đồng bình thường 3-4 lần. Khi nung trong bếp ga khoảng 1 giờ, khi bỏ ra, lấy cây nến (đèn cầy) dí vào, nếu cây nến không chảy thì đó là đồng lạnh. Ngoài ra, người bán có thể tự kiểm tra món đồ của mình có đúng là đồng lạnh hay không bằng cách dùng bình khò ga khò trực tiếp ít nhất 40 phút rồi tiếp tục dùng nến thử như trên, nến không chảy là đạt. Dân mua bán đồ cổ cũng kháo nhau cách phân biệt khóa hình con gà có đúng là đồng lạnh hay không bằng cách đun sôi nước (tỷ lệ 200 ml nước/1g đồng). Nước đang sôi thả con gà vào sẽ tắt sôi và đun tiếp trong 30 phút, nước sôi lại và có thể thò tay vào lấy con gà ra. Ngoài ra, nếu chiếc khóa hình con gà trên bàn là không là đồng lạnh mà là đồng đổi màu thì giá trị của chúng giảm đi một nửa. Mỗi kg đồng đổi màu được rao thu mua từ 2-4 tỷ đồng, tùy vào thời gian đổi màu về bình thường của đồng. Đồng lạnh thường có trong các đồ cổ, đồ thờ cúng, con gà ở trên các bàn là than ngày xưa nên không khó hiểu nhiều người sưu tầm đăng tin, lùng sục tìm mua chiếc bàn là xưa cũ này. Chưa rõ dân thu mua, người sưu tầm tìm đồng lạnh để làm gì, song mức giá cho mỗi kg đồng không hề rẻ, khoảng 5 tỷ đồng. Bản thân người bán cũng tò mò và không rõ cách phân biệt đồng lạnh trong món đồ mà mình sở hữu.</span><br />\r\n<br />\r\n<span style="color:rgb(0, 0, 0); font-family:arial; font-size:12px">Mặc dù theo cách thu mua, “tâng” giá của dân buôn bán thì chất liệu đồng lạnh làm khóa hình con gà mang lại nguồn lợi cực lớn, song việc nhận biết chúng không hẳn dễ dàng và tin cậy. Trong dòng bàn là đồng có khóa hình con gà, có đến ba loại dễ nhận biết và có tổng cộng hơn hai mươi loại bàn ủi nhìn khá giống nhau. Thậm chí mẫu mã giống y hệt nhau, tính năng và dấu hiệu cũng giống hệt nhau nhưng trên thực tế về mặt chất lượng thì khác nhau cả một trời một vực. Những người sưu tầm đồ cổ lâu năm cho biết, chiếc bàn là con gà do Pháp sản xuất và chiếc bàn con gà của Huế sản xuất những năm 1930 giống hệt nhau, thậm chí, trọng lượng, chất lượng cũng khó lòng phân biệt. Trong trường hợp người mua không có kinh nghiệm, có thể mua phải bàn là do Huế sản xuất. Loại bàn là này không thể giá trị bằng bàn là do Pháp sản xuất. Người bán cũng không biết món đồ của mình có giá trị thật hay không. Việc này dễ khiến việc mua bán món đồ tiềm ẩn các nguy cơ rủi ro do số tiền được rao mua bàn là quá lớn, hàng trăm thậm chí cả tỷ đồng. Trước đó, những vụ mua bán đồng lạnh, đồng đổi màu cũng từng xảy ra không ít rủi ro, lừa đảo. Thiết nghĩ, người mua cũng không nên quá tin vào các tin rao cả tỷ đồng không có gì chắc chắn đó.</span><br />\r\n<br />\r\n </p>\r\n', 1, 'vne-117523469813630.jpg'),
(11, 'Hà Nội sắp phạt người nói tục, hành vi thiếu văn hóa nơi công cộng  ', 'Sở Văn hóa Thể thao và Du lịch Hà Nội đang khảo sát nạn nói tục, hành vi thiếu văn hóa nơi công cộng.\r\n', '<p><span style="color:rgb(0, 0, 0); font-family:arial; font-size:12px">Sở Văn hóa Thể thao và Du lịch Hà Nội đang khảo sát nạn nói tục, hành vi thiếu văn hóa nơi công cộng. Ông Trần Tuấn Anh, Chánh Văn phòng Sở Văn hóa Thể thao và Du lịch Hà Nội cho biết, Sở đang chủ trì xây dựng quy tắc ứng xử trong cơ quan, đơn vị cộng đồng, trong đó có khảo sát nội dung về nói tục nơi công cộng. Đề án do Tiến sỹ Mai Anh chủ trì. Theo đó, Dự thảo Bộ khung quy tắc ứng xử đưa ra các tiêu chí cụ thể với 6 nhóm gồm: cơ quan hành chính sự nghiệp, trường học, bệnh viện, doanh nghiệp, khu dân cư và nơi công cộng.</span><br />\r\n<br />\r\n<span style="color:rgb(0, 0, 0); font-family:arial; font-size:12px">Với mỗi nhóm sẽ có những quy tắc riêng, ví dụ nhóm người dân nơi công cộng cần: Chấp hành nội quy, quy định; Tôn trọng, thân thiện; Văn minh, lịch sự; Đoàn kết, chia sẻ; Bảo vệ di tích lịch sử, cảnh quan, môi trường; Ý thức phê phán những hành vi vi phạm quy định. Với nhóm doanh nghiệp, cần: Tôn trọng đạo đức kinh doanh; Coi trọng chữ tín; Công bằng; Tôn trọng; Chia sẻ lợi ích và trách nhiệm xã hội. Ông Tô Văn Động, Giám đốc Sở Văn hóa cho biết, Bộ quy tắc ứng xử không phải văn bản quy phạm, nên nếu nói bắt buộc thực hiện thì không đúng. Tuy nhiên, các giai đoạn tiếp theo của đề án sẽ đưa ra những chế tài với các hành vi ứng xử không đúng quy tắc, ví dụ vứt rác ra đường, nói tục… Trước đó, thành phố đã nhận được phản ánh về tình trạng một số bạn trẻ, nghệ sỹ nói thô tục nơi công cộng. Phó chủ tịch UBND TP Hà Nội Lê Hồng Sơn đã giao Sở Văn hóa – thể thao và du lịch, Sở Giáo dục – đào tạo và UBND các quận huyện, thị xã kiểm tra, xem xét, có biện pháp xử lý nhằm hạn chế cao nhất những hành vi thiếu văn hóa trong nhà trường và ngoài xã hội. Theo đó, từ cuối năm 2014, theo chỉ đạo của UBND TP, Sở VH-TT&DL Hà Nội đã tổ chức các cuộc hội thảo lấy ý kiến xây dựng “hệ thống quy tắc ứng xử trong cơ quan, đơn vị, cộng đồng dân cư TP Hà Nội” dự kiến ban hành trong năm 2015. Từ tháng 5/2014, tại quy chế thực hiện kỷ cương hành chính và văn hóa công sở tại Văn phòng UBND thành phố Hà Nội đã có chỉ đạo cấm công chức nói tục. Theo Quy chế, trong thực thi công vụ, nhiệm vụ, cán bộ công chức phải có tác phong chuyên nghiệp, hiện đại; có thái độ hòa nhã, lịch sự, tôn trọng trong ứng xử, giao tiếp. Trong giao tiếp, ứng xử với đồng nghiệp phải có thái độ lịch sự, tôn trọng, trung thực, thân thiện, hợp tác. Ngôn ngữ giao tiếp phải chuẩn mực rõ ràng; không nói tục, tiếng lóng, quát nạt, phải lắng nghe ý kiến của đồng nghiệp…</span><br />\r\n </p>\r\n', 1, 'vne-117566266722880.jpg'),
(13, 'Dùng xe tải đưa thí sinh đến địa điểm thi', 'Sáng nay, nhiều thí sinh đến trường thi từ 5h30 để tránh nắng nóng, dù 8h mới làm thủ tục dự thi. Hai xe tải được huy động đưa thí sinh đến cụm thi Đại học Bách Khoa Hà Nội.', '<p><strong>Sáng nay, nhiều thí sinh đến trường thi từ 5h30 để tránh nắng nóng, dù 8h mới làm thủ tục dự thi. Hai xe tải được huy động đưa thí sinh đến cụm thi Đại học Bách Khoa Hà Nội.</strong></p>\r\n\r\n<p><strong>Sáng nay, nhiều thí sinh đến trường thi từ 5h30 để tránh nắng nóng, dù 8h mới làm thủ tục dự thi. Hai xe tải được huy động đưa thí sinh đến cụm thi Đại học Bách Khoa Hà Nội.</strong></p>\r\n', 1, 'vne-117586920014195.jpg'),
(14, 'Vì sao sát nhân vượt ngục qua mặt cảnh sát Mỹ suốt 23 ngày?', 'Richard Matt và David Sweat, 2 phạm nhân trốn khỏi nhà tù an ninh bậc nhất nước Mỹ, có thể đã dùng hạt tiêu để qua mặt chó nghiệp vụ và lẩn trốn trong suốt hơn 3 tuần.', '<p><span style="color:rgb(0, 0, 0); font-family:arial,sans-serif; font-size:12px">Giới điều tra tìm thấy một hộp hạt tiêu tại trại mà Richard Matt và David Sweat, 2 kẻ giết người tẩu thoát khỏi nhà giam Clinton ở New York, Mỹ, có thể đã dừng chân. Vì vậy, theo Joseph D’Amico, sĩ quan cảnh sát bang New York, có thể 2 sát nhân đã rải hạt tiêu để đánh lừa chó nghiệp vụ. Mánh khóe 2 phạm nhân qua mặt cảnh sát trong quá trình trốn chạy từng được đề cập trong bộ phim Cool Hand Luke năm 1967. “Chúng tôi gặp khó khăn trong việc tìm dấu vết của Matt và Sweat vì cách mà chúng áp dụng khá hiệu quả. Nếu bạn viết kịch bản cho phim thì vở kịch này rất hoàn hảo”, D Amico nói với The New York Times. Mỹ tiến hành một cuộc truy lùng 2 kẻ trốn chạy trong chiến dịch quy mô lớn, từ Pennsylvania tới biên giới Canada. Chính quyền đã huy động 1.300 người tới các khu rừng ở miền Bắc New York và kiểm tra nghiêm ngặt tại các chốt an ninh. Quá trình đuổi bắt kết thúc trưa 28/6 khi một cảnh sát bắn và bắt sống Sweat ở Constable, New York. Y được đưa tới bệnh viện trong tình trạng nguy cập. Bạn tù của Sweat, Matt, bị tiêu diệt khi đang cầm súng đối mặt với nhà chức trách ngày 26/6. “Cơn ác mộng đã qua”, Andrew Cuomo, Thống đốc bang New York nói tại một cuộc họp báo.</span><br />\r\n<span style="color:rgb(0, 0, 0); font-family:arial,sans-serif; font-size:12px">Matt và Sweat trốn khỏi trại cải tạo Clinton, nơi cách vị trí chúng sa lưới khoảng 50 km, bằng nhiều dụng cụ điện ngày 6/6. Nhà chức trách cho rằng, 2 phạm nhân ở các phòng giam liền kề nhau trong nhà tù và chúng để quần áo lên giường lừa quản ngục khi đào tẩu. Chúng còn để lại mảnh giấy đầy thách thức với khuôn mặt cười và dòng chữ “Chúc một ngày tốt lành”. Matt và bạn tù đã dùng lời lẽ ngon ngọt, dụ nhân viên nhà tù tuồn đục và các dụng cụ khác để giúp chúng vượt ra khỏi hàng rào an ninh nhà tù và thoát ra ngoài. Nhà điều tra buộc tội 2 nhân vật hỗ trợ tù nhân lẩn trốn là Joyce Mitchell, người làm trong xưởng may bên trong Clinton, và nhân viên nhà tù Gene Palmer. Palmer sẽ hầu tòa vì tội tuồn hàng lậu vào trại giam và hành động không đúng nhiệm vụ. Người này đưa thịt đông lạnh chứa lưỡi cưa và tua vít vào Clinton. Bà Mitchell đã hầu tòa và phủ nhận cáo buộc của tòa án về các tội liên quan đến vụ vượt ngục chấn động nước Mỹ. Trong một diễn biến mới, Sweat đã khai nhận những thông tin đầu tiên về âm mưu tẩu thoát táo tợn cách đây 3 tuần, CNN đưa tin. Cuomo tiết lộ một số thông tin trong biên bản lời khai của Sweat rằng, y và đồng phạm Richard Matt ban đầu dự định chạy trốn sang Mexico. Tuy nhiên, sau khi tẩu thoát từ trại giam Clinton, nữ nhân viên nhà tù Joyce Mitchell không xuất hiện như kế hoạch để lái xe chở bọn chúng. Hai kẻ giết người vượt ngục khi Sweat đang thụ án chung thân không ân xá vì giết một cảnh sát năm 2002 còn Matt chịu mức án 25 năm vì giết ông chủ cũ.</span><br />\r\n<br />\r\n<br />\r\n<br />\r\n<a href="http://news.zing.vn/" style="box-sizing: border-box; margin: 0px; padding: 0px; font-size: 0px; vertical-align: baseline; text-decoration: none; color: rgb(51, 51, 51); font-family: Arial, sans-serif; display: block; line-height: 0; background: transparent;" target="_blank" title="Zing News">Nguồn Zing News</a></p>\r\n\r\n<div> </div>\r\n\r\n<p><br />\r\n<a href="http://news.zing.vn/" style="box-sizing: border-box; margin: 0px; padding: 0px; font-size: 0px; vertical-align: baseline; text-decoration: none; color: rgb(51, 51, 51); font-family: Arial, sans-serif; display: block; line-height: 0; background: transparent;" target="_blank" title="Zing News">Nguồn Zing News</a></p>\r\n\r\n<div> </div>\r\n', 3, 'vne-117929576844710.jpg'),
(15, 'Cháy trên tàu siêu tốc Nhật Bản, 2 người chết', 'Giới chức Nhật Bản cho biết hai người đã chết, 20 người bị bỏng sau một vụ tự thiêu trên chuyến tàu cao tốc từ Tokyo tới Osaka sáng 30/6.', '<p><span style="color:rgb(0, 0, 0); font-family:arial,sans-serif; font-size:12px">Ryo Iwasaki, quan chức cứu hỏa thành phố Odawara, cho biết, vụ tự thiêu xảy ra gần khu vực nhà vệ sinh đoàn tàu. Sau khi phát hiện sự việc, đoàn tàu buộc phải dừng lại ở thành phố Odawara, tây nam Tokyo. Theo Iwasaki mô tả, 2 nạn nhân được phát hiện trong tình trạng "tim ngừng đập". Đây là thuật ngữ mà nhà chức trách Nhật Bản sử dụng để mô tả tình trạng ngừng thở và mất mạch của con người trong trường hợp bác sĩ chưa tuyên bố họ đã chết. Sự cố làm 2 người khác trên tàu bị thương nặng và 20 người bị bỏng nhẹ, NHK dẫn lời cảnh sát Nhật Bản cho biết. Ngay sau khi nhận tin báo, xe cứu hỏa thành phố Odawara được huy động tới hiện trường. Đài truyền hình NHK phát đi hình ảnh cho thấy lính cứu hỏa chạy tới tàu, nơi hành khách vẫn đang mắc kẹt bên trong. Vụ việc khiến tuyến đường sắt Tokyo – Osaka bị đình chuyến ở cả hai chiều.</span><br />\r\n<br />\r\n<a href="http://news.zing.vn/" style="box-sizing: border-box; margin: 0px; padding: 0px; font-size: 0px; vertical-align: baseline; text-decoration: none; color: rgb(51, 51, 51); font-family: Arial, sans-serif; display: block; line-height: 0; background: transparent;" target="_blank" title="Zing News">Nguồn Zing News</a></p>\r\n\r\n<div> </div>\r\n', 3, 'vne-117910828966231.jpg'),
(83, '9 cơ quan làm rõ nhiều vấn đề ngoài xe Lexus tư gắn biển xanh', 'Thực hiện chỉ đạo của Tổng bí thư, các cơ quan không chỉ kiểm tra việc Phó chủ tịch tỉnh Hậu Giang Trịnh Xuân Thanh sử dụng xe Lexus tư gắn biển xanh mà còn làm rõ nhiều nội dung khác.', '\r\n\r\nSáng 10/6, một nguồn tin cho hay, thực hiện chỉ đạo của Tổng bí thư Nguyễn Phú Trọng liên quan đến Phó chủ tịch tỉnh Hậu Giang Trịnh Xuân Thanh, Ủy ban Kiểm tra Trung ương sẽ phối hợp với nhiều cơ quan lên kế hoạch và phân công cụ thể, "không bỏ sót việc cần thiết". “Nhìn vào cơ cấu, thành phần 9 cơ quan tham gia sẽ thấy có nhiều nội dung, nếu riêng ôtô thì chỉ tỉnh Hậu Giang xử lý được”, nguồn tin nói.\r\n\r\nÝ kiến chỉ đạo của Tổng bí thư nêu "đây là việc cần làm ngay". Văn bản truyền đạt ý kiến này không đưa thời hạn cụ thể, tuy nhiên nguồn tin cho biết, chỉ đạo nội bộ có đề cập cần tiến hành trong thời gian nhất định theo đúng quy định của Đảng và quy định pháp luật.\r\n\r\n"Đây là vụ việc liên quan đến nhiều vấn đề cần làm rõ, người dân đang đặt dấu hỏi, nên các cơ quan chức năng được giao nhiệm vụ sẽ nhanh chóng tổ chức thực hiện chỉ đạo của Tổng bí thư", nguồn tin cho biết.\r\n\r\nNgày 9/6, Văn phòng Trung ương Đảng có công văn thông báo ý kiến chỉ đạo của Tổng bí thư Nguyễn Phú Trọng về việc Phó chủ tịch tỉnh Hậu Giang Trịnh Xuân Thanh sử dụng xe tư nhân nhưng gắn biển xanh.\r\n\r\nTheo đó ngày 3/6, một tờ báo đăng bài "Xe tư nhân gắn biển số xanh và di sản của Phó chủ tịch Hậu Giang", Tổng bí thư giao Ủy ban Kiểm tra Trung ương chủ trì, phối hợp với Ban Nội chính Trung ương, Ban Tổ chức Trung ương, Bộ Công an, Ban cán sự đảng các bộ Công Thương, Tài chính, Kiểm toán nhà nước, Ban thi đua khen thưởng trung ương, Tỉnh ủy Hậu Giang và Tập đoàn Dầu khí quốc gia Việt Nam khẩn trương kiểm tra, xem xét, kết luận nội dung mà báo đã nêu.\r\n\r\nViệc ông Trịnh Xuân Thanh sử dụng xe Lexus LX570 trị giá hơn 5 tỷ đồng, đeo biển số xanh 95A-0699, chạy trên đường phố miền Tây, đã gây xôn xao dư luận. Ông Thanh lý giải xe này mượn của người bạn, vốn là biển kiểm soát dân sự 29A-79093. Một năm trước khi được phân công về Hậu Giang làm Phó chủ tịch nhiệm kỳ 2011-2016, ông đã mang xe từ Hà Nội vào sử dụng.\r\n\r\nMột số báo cũng đề cập tình trạng thua lỗ nặng ở Tổng công ty cổ phần xây lắp dầu khí VN (PVC), nơi ông Trịnh Xuân Thanh từng giữ các vị trí lãnh đạo từ năm 2007 đến năm 2013. Năm 2015, ông Thanh được luân chuyển, bầu làm Phó chủ tịch tỉnh Hậu Giang.\r\n\r\nTheo kết quả công bố của Hội đồng bầu cử Quốc gia chiều qua, ông Trịnh Xuân Thanh trúng cử đại biểu Quốc hội với tỷ lệ 75,28% phiếu tán thành.\r\n\r\nVõ Văn Thành\r\n', 9, 'Lexus-101687343042004.jpg'),
(84, 'Giá xăng bất ngờ tăng thêm gần 300 đồng từ 18h ', 'Từ 15h ngày hôm nay (19/6), giá xăng tăng thêm gần 300 đồng. Các loại dầu giảm nhẹ.\r\n\r\n', '<p><span style="color:rgb(0, 0, 0); font-family:arial; font-size:12px">Từ 15h ngày hôm nay (19/6), giá xăng tăng thêm gần 300 đồng. Các loại dầu giảm nhẹ. Liên Bộ Công Thương – Tài chính vừa yêu cầu các doanh nghiệp xăng dầu điều chỉnh giá các mặt hàng nhiên liệu. Theo đó, giá bán lẻ xăng RON 92, RON 95, E5 trong nước sẽ tăng thêm 280 đồng mỗi lít. Các loại dầu giảm nhẹ. Giá dầu diesel giảm 287 đồng/lít, dầu hỏa giảm 275 đồng/lít. Thời điểm áp dụng là 15h hôm nay (19/6). Theo văn bản của Bộ Công Thương, giá bán lẻ xăng RON 92 sẽ không cao hơn 20.711 đồng/lít. Giá xăng E5 không cao hơn 20.381 đồng/lít. Dầu diesel 0.05 S, dầu hỏa, dầu mazút 3.5S sẽ có giá lần lượt không cao hơn các mức 16.077 đồng/lít, 15.099 đồng/lít và 12.730 đồng/kg.\\ Bảng giá xăng dầu có hiệu lực từ 15h ngày 19/6. Ảnh: Petrolimex. Cơ quan điều hành không thay đổi trong việc sử dụng Quỹ bình ổn với xăng. Mức trích lập cũng như chi sử dụng Quỹ bình ổn cho các mặt hàng xăng khoáng không thay đổi, giảm 98 đồng/kg với dầu mazut, xuống mức 0 đồng. Từ đầu năm đến nay, giá xăng đã có 5 lần điều chỉnh với 4 lần tăng, 1 lần giảm. Thời gian qua, một số ý kiến trái chiều liên quan đến Quỹ bình ổn đã xuất hiện. Cơ quan điều hành khẳng định, việc duy trì quỹ sẽ giúp đảm bảo quyền lợi người tiêu dùng. Trong khi đó, TS Nguyễn Minh Phong thuộc Viện Nghiên cứu phát triển kinh tế xã hội lại cho rằng “nên dẹp Quỹ bình ổn”. Theo vị này, sự tồn tại của quỹ “chỉ gây nghi vấn thiếu minh bạch trong cách sử dụng”. Yếu tố điều hành có ảnh hưởng lớn tới việc tăng hay giảm của giá xăng. Ảnh: Hoàng Anh. Còn theo PGS.TS Ngô Trí Long – nguyên Viện trưởng Viện Nghiên cứu giá cả (Bộ Tài chính) dự đoán, yếu tố chính quyết định sự tăng hay giảm của giá bán lẻ xăng dầu là do cách điều hành. Theo ông Long, việc dư luận liên tục nhắc tới chủ đề thuế bảo vệ môi trường làm tăng giá xăng có thể sẽ tác động tới vấn đề điều hành mặt </span><br />\r\n<br />\r\n </p>\r\n', 1, 'vne-117605953209317.jpg');

-- --------------------------------------------------------

--
-- Table structure for table `users`
--

CREATE TABLE `users` (
  `id_user` int(255) NOT NULL,
  `username` varchar(120) COLLATE utf8_unicode_ci NOT NULL,
  `password` varchar(120) COLLATE utf8_unicode_ci NOT NULL,
  `fullname` varchar(200) COLLATE utf8_unicode_ci NOT NULL
) ENGINE=InnoDB DEFAULT CHARSET=utf8 COLLATE=utf8_unicode_ci;

--
-- Dumping data for table `users`
--

INSERT INTO `users` (`id_user`, `username`, `password`, `fullname`) VALUES
(1, 'admin', '25d55ad283aa400af464c76d713c07ad', 'Administrator'),
(2, 'vinatab', 'df523201b444ef0c209c41c876eff7e5', 'VinaTAB EDU'),
(3, 'vuongluis', 'd46d699b05862a3eed508ccbea37aac8', 'Nguyễn Văn Vương'),
(14, 'euro', 'd41d8cd98f00b204e9800998ecf8427e', 'Trần Anh Thượng Long');

--
-- Indexes for dumped tables
--

--
-- Indexes for table `category`
--
ALTER TABLE `category`
  ADD PRIMARY KEY (`id_cat`);

--
-- Indexes for table `news`
--
ALTER TABLE `news`
  ADD PRIMARY KEY (`id_news`);

--
-- Indexes for table `users`
--
ALTER TABLE `users`
  ADD PRIMARY KEY (`id_user`);

--
-- AUTO_INCREMENT for dumped tables
--

--
-- AUTO_INCREMENT for table `category`
--
ALTER TABLE `category`
  MODIFY `id_cat` int(255) NOT NULL AUTO_INCREMENT, AUTO_INCREMENT=10;
--
-- AUTO_INCREMENT for table `news`
--
ALTER TABLE `news`
  MODIFY `id_news` int(255) NOT NULL AUTO_INCREMENT, AUTO_INCREMENT=85;
--
-- AUTO_INCREMENT for table `users`
--
ALTER TABLE `users`
  MODIFY `id_user` int(255) NOT NULL AUTO_INCREMENT, AUTO_INCREMENT=15;
/*!40101 SET CHARACTER_SET_CLIENT=@OLD_CHARACTER_SET_CLIENT */;
/*!40101 SET CHARACTER_SET_RESULTS=@OLD_CHARACTER_SET_RESULTS */;
/*!40101 SET COLLATION_CONNECTION=@OLD_COLLATION_CONNECTION */;
